link,https://sktoushi.github.io/stash-utils/bucket.html?target=bucket-ms-excel
link,https://sktoushi.github.io/stash-utils/bucket.html?target=bucket-ms-project
link,https://sktoushi.github.io/stash-utils/bucket.html?target=bucket-listening-2410
link,https://sktoushi.github.io/stash-utils/bucket.html?target=bucket-takoboto
link,https://sktoushi.github.io/stash-utils/bucket.html?target=bucket-freemasonry
link,https://sktoushi.github.io/stash-utils/bucket.html?target=bucket-mein-kampf
link,https://sktoushi.github.io/stash-utils/bucket.html?target=bucket-nicomachean-ethics
link,https://sktoushi.github.io/stash-utils/bucket.html?target=bucket-antifragile
link,https://sktoushi.github.io/stash-utils/bucket.html?target=bucket-fooled-by-randomness
link,https://sktoushi.github.io/stash-utils/bucket.html?target=bucket-skin-in-the-game
link,https://sktoushi.github.io/stash-utils/bucket.html?target=bucket-communist-manifesto
link,https://sktoushi.github.io/stash-utils/bucket.html?target=bucket-never-split-the-difference-negotiate
link,https://sktoushi.github.io/stash-utils/bucket.html?target=bucket-persuasion-jobs-rintu-basu
link,https://sktoushi.github.io/stash-utils/bucket.html?target=bucket-persuasion-bb-rintu-basu
link,https://sktoushi.github.io/stash-utils/bucket.html?target=bucket-pmbok-2025
link,https://sktoushi.github.io/stash-utils/bucket.html?target=bucket-software-architecture-in-practice
link,https://sktoushi.github.io/stash-utils/bucket.html?target=bucket-how-to-persuade-people-who-dont-want-to
link,https://sktoushi.github.io/stash-utils/bucket.html?target=bucket-Getting-More-of-What-You-Want-Secrets-of-Economics-and-Psychology-Negotiate-Business-Life
link,https://sktoushi.github.io/stash-utils/bucket.html?target=bucket-the-intelligent-negotiator
link,https://sktoushi.github.io/stash-utils/bucket.html?target=bucket-the-longevity-solution
link,https://sktoushi.github.io/stash-utils/bucket.html?target=bucket-the-intelligent-investor
link,https://sktoushi.github.io/stash-utils/bucket.html?target=bucket-wealth-of-nations
link,https://sktoushi.github.io/stash-utils/bucket.html?target=bucket-the-theory-of-moral-sentiments
link,https://sktoushi.github.io/stash-utils/bucket.html?target=bucket-delphi-complete-works-of-adam-smith
link,https://sktoushi.github.io/stash-utils/bucket.html?target=bucket-karl-marx-capital-ii
link,https://sktoushi.github.io/stash-utils/bucket.html?target=bucket-karl-marx-capital-iii
link,https://sktoushi.github.io/stash-utils/bucket.html?target=bucket-karl-marx-capital-i-p1
link,https://sktoushi.github.io/stash-utils/bucket.html?target=bucket-karl-marx-capital-i-p2
link,https://sktoushi.github.io/stash-utils/bucket.html?target=bucket-karl-marx-capital-i-p3
link,https://sktoushi.github.io/stash-utils/bucket.html?target=bucket-the-road-to-serfdom
link,https://sktoushi.github.io/stash-utils/bucket.html?target=bucket-the-essential-keynes
link,https://sktoushi.github.io/stash-utils/bucket.html?target=bucket-the-general-theory-of-employment-interest-and-money
link,https://sktoushi.github.io/stash-utils/bucket.html?target=bucket-capitalism-and-freedom-fortieth-anniversary-edition
link,https://sktoushi.github.io/stash-utils/bucket.html?target=bucket-hume-dialogues-concerning-natural-religion-and-other-writings
link,https://sktoushi.github.io/stash-utils/bucket.html?target=bucket-an-enquiry-concerning-human-understanding-oxford-worlds-classics
link,https://sktoushi.github.io/stash-utils/bucket.html?target=bucket-a-treatise-of-human-nature
csv,skyway-redirect0915-122-persuasion-decisionmaking.csv
csv,skyway-redirect0915-122-persuasion-decisionmaking.csv
csv,skyway-redirect0915-122-persuasion-decisionmaking.csv
csv,skyway-redirect0915-122-persuasion-decisionmaking.csv
csv,skyway-redirect0915-122-persuasion-decisionmaking.csv
csv,skyway-redirect0915-123.csv
csv,skyway-redirect0915-123.csv
csv,skyway-redirect0915-123.csv
csv,skyway-redirect0915-123.csv
csv,skyway-redirect0915-123.csv
csv,skyway-redirect0915-124-toyota.csv
csv,skyway-redirect0915-124-toyota.csv
csv,skyway-redirect0915-124-toyota.csv
csv,skyway-redirect0915-124-toyota.csv
csv,skyway-redirect0915-124-toyota.csv
csv,skyway-redirect0915-124-toyota.csv
csv,skyway-redirect0915-124-toyota.csv
csv,skyway-redirect0915-124-toyota.csv
csv,skyway-redirect0915-125-production-management.csv
csv,skyway-redirect0915-125-production-management.csv
csv,skyway-redirect0915-125-production-management.csv
csv,skyway-redirect0915-125-production-management.csv
csv,skyway-redirect0915-125-production-management.csv
csv,skyway-redirect0915-125-production-management.csv
csv,skyway-redirect0915-125-production-management.csv
csv,skyway-redirect0915-125-production-management.csv
csv,skyway-redirect0915-125-production-management.csv
csv,skyway-redirect0915-125-production-management.csv
csv,skyway-redirect0915-125-production-management.csv
csv,skyway-redirect0915-125-production-management.csv
csv,skyway-redirect0915-125-production-management.csv
csv,skyway-redirect0915-125-production-management.csv
csv,skyway-redirect0915-125-production-management.csv
csv,skyway-redirect0915-125-production-management.csv
csv,skyway-redirect0915-126-risk-mgt.csv
csv,skyway-redirect0915-126-risk-mgt.csv
csv,skyway-redirect0915-126-risk-mgt.csv
csv,skyway-redirect0915-126-risk-mgt.csv
csv,skyway-redirect0915-126-risk-mgt.csv
csv,skyway-redirect0915-126-risk-mgt.csv
csv,skyway-redirect0915-126-risk-mgt.csv
csv,skyway-redirect0915-126-risk-mgt.csv
csv,skyway-redirect0915-126-risk-mgt.csv
csv,skyway-redirect0915-126-risk-mgt.csv
csv,skyway-redirect0915-126-risk-mgt.csv
csv,skyway-redirect0915-126-risk-mgt.csv
csv,skyway-redirect0915-126-risk-mgt.csv
csv,skyway-redirect0915-126-risk-mgt.csv
csv,skyway-redirect0915-126-risk-mgt.csv
csv,skyway-redirect0915-126-risk-mgt.csv
csv,skyway-redirect0915-126-risk-mgt.csv
csv,skyway-redirect0915-126-risk-mgt.csv
csv,skyway-redirect0915-126-risk-mgt.csv
csv,skyway-redirect0915-126-risk-mgt.csv
csv,skyway-redirect0915-126-risk-mgt.csv
csv,skyway-redirect0915-126-risk-mgt.csv
csv,skyway-redirect0915-126-risk-mgt.csv
csv,skyway-redirect0915-127-game-theory.csv
csv,skyway-redirect0915-127-game-theory.csv
csv,skyway-redirect0915-127-game-theory.csv
csv,skyway-redirect0915-127-game-theory.csv
csv,skyway-redirect0915-127-game-theory.csv
csv,skyway-redirect0915-127-game-theory.csv
csv,skyway-redirect0915-127-game-theory.csv
csv,skyway-redirect0915-127-game-theory.csv
csv,skyway-redirect0915-127-game-theory.csv
csv,skyway-redirect0915-127-game-theory.csv
csv,skyway-redirect0915-127-game-theory.csv
csv,skyway-redirect0915-127-game-theory.csv
csv,skyway-redirect0915-127-game-theory.csv
csv,skyway-redirect0915-127-game-theory.csv
csv,skyway-redirect0915-127-game-theory.csv
csv,skyway-redirect0915-127-game-theory.csv
csv,skyway-redirect0915-127-game-theory.csv
csv,skyway-redirect0915-127-game-theory.csv
csv,skyway-redirect0915-127-game-theory.csv
csv,skyway-redirect0915-127-game-theory.csv
csv,skyway-redirect0915-127-game-theory.csv
csv,skyway-redirect0915-127-game-theory.csv
csv,skyway-redirect0915-127-game-theory.csv
csv,skyway-redirect0915-127-game-theory.csv
csv,skyway-redirect0915-127-game-theory.csv
csv,skyway-redirect0915-127-game-theory.csv
csv,skyway-redirect0915-127-game-theory.csv
csv,skyway-redirect0915-127-game-theory.csv
csv,skyway-redirect0915-127-game-theory.csv
csv,skyway-redirect0915-127-game-theory.csv
csv,skyway-redirect0915-127-game-theory.csv
csv,skyway-redirect0915-127-game-theory.csv
csv,skyway-redirect0915-127-game-theory.csv
csv,skyway-redirect0915-127-game-theory.csv
csv,skyway-redirect0915-127-game-theory.csv
csv,skyway-redirect0915-127-game-theory.csv
csv,skyway-redirect0915-127-game-theory.csv
link,https://sktoushi.github.io/stash-utils/bucket.html?target=bucket-communism-very-short-intro
csv,skyway-redirect0915-129-psychology.csv
csv,skyway-redirect0915-129-psychology.csv
csv,skyway-redirect0915-129-psychology.csv
csv,skyway-redirect0915-129-psychology.csv
csv,skyway-redirect0915-129-psychology.csv
csv,skyway-redirect0915-129-psychology.csv
csv,skyway-redirect0915-130-executive-strategy.csv
csv,skyway-redirect0915-130-executive-strategy.csv
csv,skyway-redirect0915-130-executive-strategy.csv
csv,skyway-redirect0915-130-executive-strategy.csv
csv,skyway-redirect0915-130-executive-strategy.csv
csv,skyway-redirect0915-130-executive-strategy.csv
csv,skyway-redirect0915-132-executive-strategy.csv
csv,skyway-redirect0915-132-executive-strategy.csv
csv,skyway-redirect0915-132-executive-strategy.csv
csv,skyway-redirect0915-132-executive-strategy.csv
csv,skyway-redirect0915-132-executive-strategy.csv
csv,skyway-redirect0915-132-executive-strategy.csv
csv,skyway-redirect0915-132-executive-strategy.csv
csv,skyway-redirect0915-132-executive-strategy.csv
csv,skyway-redirect0915-132-executive-strategy.csv
csv,skyway-redirect0915-132-executive-strategy.csv
csv,skyway-redirect0915-139-wealth-of-nations-companion.csv
csv,skyway-redirect0915-139-wealth-of-nations-companion.csv
csv,skyway-redirect0915-139-wealth-of-nations-companion.csv
csv,skyway-redirect0915-139-wealth-of-nations-companion.csv
csv,skyway-redirect0915-139-wealth-of-nations-companion.csv
csv,skyway-redirect0915-139-wealth-of-nations-companion.csv
csv,skyway-redirect0915-139-wealth-of-nations-companion.csv
csv,skyway-redirect0915-139-wealth-of-nations-companion.csv
csv,skyway-redirect0915-139-wealth-of-nations-companion.csv
csv,skyway-redirect0915-140-communism.csv
csv,skyway-redirect0915-140-communism.csv
csv,skyway-redirect0915-140-communism.csv
csv,skyway-redirect0915-140-communism.csv
csv,skyway-redirect0915-140-communism.csv
csv,skyway-redirect0915-143-economics.csv
csv,skyway-redirect0915-143-economics.csv
csv,skyway-redirect0915-143-economics.csv
csv,skyway-redirect0915-143-economics.csv
csv,skyway-redirect0915-143-economics.csv
csv,skyway-redirect0915-143-economics.csv
csv,skyway-redirect0915-143-economics.csv
