link,null,https://sktoushi.github.io/stash-utils/skyway.html?target=skyway-main-2025.csv
link,null,https://sktoushi.github.io/stash-utils/lc300.html
link,1,https://sktoushi.github.io/stash-utils/skyway.html?target=skyway-main-2025.csv
link,1,https://sktoushi.github.io/stash-utils/lc300.html
link,1,https://sktoushi.github.io/stash-utils/skyway.html?target=skyway-mkultra.csv
link,1,https://sktoushi.github.io/stash-utils/bucket.html?target=bucket-soliloquies-volume4
link,1,https://sktoushi.github.io/stash-utils/bucket.html?target=bucket-On-Order-St-Augustine-volume3
link,1,https://sktoushi.github.io/stash-utils/bucket.html?target=bucket-Against-the-Academics-St-Augustine-volume1
link,1,https://sktoushi.github.io/stash-utils/bucket.html?target=bucket-On-the-Happy-Life-Saint-Augustine-volume2
link,2,https://sktoushi.github.io/stash-utils/skyway.html?target=skyway-main-2025.csv
link,2,https://sktoushi.github.io/stash-utils/lc300.html
link,2,https://sktoushi.github.io/stash-utils/skyway.html?target=skyway-mkultra.csv
link,2,https://sktoushi.github.io/stash-utils/bucket.html?target=bucket-soliloquies-volume4
link,2,https://sktoushi.github.io/stash-utils/bucket.html?target=bucket-On-Order-St-Augustine-volume3
link,2,https://sktoushi.github.io/stash-utils/bucket.html?target=bucket-Against-the-Academics-St-Augustine-volume1
link,2,https://sktoushi.github.io/stash-utils/bucket.html?target=bucket-On-the-Happy-Life-Saint-Augustine-volume2
link,3,https://sktoushi.github.io/stash-utils/skyway.html?target=skyway-main-2025.csv
link,3,https://sktoushi.github.io/stash-utils/lc300.html
link,3,https://sktoushi.github.io/stash-utils/skyway.html?target=skyway-mkultra.csv
link,3,https://sktoushi.github.io/stash-utils/bucket.html?target=bucket-soliloquies-volume4
link,3,https://sktoushi.github.io/stash-utils/bucket.html?target=bucket-On-Order-St-Augustine-volume3
link,3,https://sktoushi.github.io/stash-utils/bucket.html?target=bucket-Against-the-Academics-St-Augustine-volume1
link,3,https://sktoushi.github.io/stash-utils/bucket.html?target=bucket-On-the-Happy-Life-Saint-Augustine-volume2
